{
  "state": {
    "isStdOutTTY": false,
    "isStdErrTTY": false,
    "testRunDurationMs": 125001.685482
  },
  "metrics": {
    "http_req_failed": {
      "type": "rate",
      "contains": "default",
      "values": {
        "passes": 8999,
        "fails": 8999,
        "rate": 0.5
      }
    },
    "http_req_blocked": {
      "values": {
        "p(99)": 0.26846439999999744,
        "p(99.9)": 0.8916748870000517,
        "max": 4.95284,
        "avg": 0.013991944271585772,
        "med": 0.0069914999999999995,
        "p(95)": 0.017951399999999923
      },
      "type": "trend",
      "contains": "time"
    },
    "http_req_connecting": {
      "type": "trend",
      "contains": "time",
      "values": {
        "med": 0,
        "p(95)": 0,
        "p(99)": 0.1793945199999999,
        "p(99.9)": 0.5819218480000071,
        "max": 4.862302,
        "avg": 0.004225585287254139
      }
    },
    "http_req_duration{expected_response:true}": {
      "contains": "time",
      "values": {
        "p(95)": 12.116518099999999,
        "p(99)": 13.10435222,
        "p(99.9)": 15.110590838000002,
        "max": 20.345572,
        "avg": 11.081875488054214,
        "med": 10.980626
      },
      "type": "trend"
    },
    "http_req_waiting": {
      "type": "trend",
      "contains": "time",
      "values": {
        "p(99)": 12.907130079999993,
        "p(99.9)": 31.278681151000463,
        "max": 94.643185,
        "avg": 6.26444763790421,
        "med": 10.265383,
        "p(95)": 11.55856685
      }
    },
    "data_sent": {
      "type": "counter",
      "contains": "data",
      "values": {
        "count": 4247528,
        "rate": 33979.76582173075
      }
    },
    "vus": {
      "type": "gauge",
      "contains": "default",
      "values": {
        "value": 0,
        "min": 0,
        "max": 2
      }
    },
    "proxy_latency_ms": {
      "type": "trend",
      "contains": "time",
      "values": {
        "avg": 1.9155461717968663,
        "med": 1,
        "p(95)": 3,
        "p(99)": 18.020000000000437,
        "p(99.9)": 46.004000000000815,
        "max": 95
      },
      "thresholds": {
        "p(99)<100": {
          "ok": true
        }
      }
    },
    "iteration_duration": {
      "type": "trend",
      "contains": "time",
      "values": {
        "med": 10.5737215,
        "p(95)": 12.152592199999996,
        "p(99)": 13.64786756999999,
        "p(99.9)": 33.020073700000154,
        "max": 95.268643,
        "avg": 6.705077595566127
      }
    },
    "http_req_duration": {
      "type": "trend",
      "contains": "time",
      "values": {
        "max": 94.786255,
        "avg": 6.41319510551172,
        "med": 10.364041,
        "p(95)": 11.7374639,
        "p(99)": 13.171434269999974,
        "p(99.9)": 31.542706389000525
      }
    },
    "iterations": {
      "type": "counter",
      "contains": "default",
      "values": {
        "count": 17998,
        "rate": 143.9820585666557
      }
    },
    "vus_max": {
      "type": "gauge",
      "contains": "default",
      "values": {
        "value": 100,
        "min": 100,
        "max": 100
      }
    },
    "checks": {
      "type": "rate",
      "contains": "default",
      "values": {
        "rate": 0.5,
        "passes": 8999,
        "fails": 8999
      }
    },
    "http_reqs": {
      "type": "counter",
      "contains": "default",
      "values": {
        "count": 17998,
        "rate": 143.9820585666557
      }
    },
    "http_req_sending": {
      "type": "trend",
      "contains": "time",
      "values": {
        "med": 0.0294475,
        "p(95)": 0.06778814999999991,
        "p(99)": 0.17683271999999964,
        "p(99.9)": 1.061939404000002,
        "max": 2.751748,
        "avg": 0.039007459106567624
      }
    },
    "http_req_receiving": {
      "type": "trend",
      "contains": "time",
      "values": {
        "max": 5.426462,
        "avg": 0.10974000850094429,
        "med": 0.077939,
        "p(95)": 0.21576139999999994,
        "p(99)": 0.8829631599999924,
        "p(99.9)": 2.5063934520000615
      }
    },
    "data_received": {
      "type": "counter",
      "contains": "data",
      "values": {
        "rate": 55145.12843102914,
        "count": 6893234
      }
    },
    "http_req_tls_handshaking": {
      "values": {
        "p(95)": 0,
        "p(99)": 0,
        "p(99.9)": 0,
        "max": 0,
        "avg": 0,
        "med": 0
      },
      "type": "trend",
      "contains": "time"
    },
    "direct_latency_ms": {
      "thresholds": {
        "p(99)<50": {
          "ok": true
        }
      },
      "type": "trend",
      "contains": "time",
      "values": {
        "avg": 11.274363818202023,
        "med": 11,
        "p(95)": 12,
        "p(99)": 14,
        "p(99.9)": 15.002000000000407,
        "max": 21
      }
    }
  },
  "root_group": {
    "name": "",
    "path": "",
    "id": "d41d8cd98f00b204e9800998ecf8427e",
    "groups": [],
    "checks": [
        {
          "name": "status 200",
          "path": "::status 200",
          "id": "fad9fa412b86fcb03bee97c80dcd61f1",
          "passes": 8999,
          "fails": 8999
        }
      ]
  },
  "options": {
    "summaryTrendStats": [
      "avg",
      "med",
      "p(95)",
      "p(99)",
      "p(99.9)",
      "max"
    ],
    "summaryTimeUnit": "",
    "noColor": false
  }
}